year,members,any_data,full_year,sector_known,pct_full_year
1999,493,216,215,180,0.43610547667342797
2000,492,227,226,190,0.45934959349593496
2001,492,239,238,201,0.483739837398374
2002,496,244,244,206,0.49193548387096775
2003,494,252,252,214,0.5101214574898786
2004,494,256,256,217,0.5182186234817814
2005,495,259,259,222,0.5232323232323233
2006,497,271,271,229,0.545271629778672
2007,497,281,281,237,0.5653923541247485
2008,497,298,297,245,0.5975855130784709
2009,498,303,303,260,0.608433734939759
2010,499,317,317,272,0.6352705410821643
2011,497,323,323,278,0.6498993963782697
2012,497,335,334,286,0.6720321931589537
2013,497,346,346,296,0.6961770623742455
2014,497,353,353,300,0.710261569416499
2015,499,360,360,307,0.7214428857715431
2016,502,376,376,323,0.749003984063745
2017,506,397,395,340,0.7806324110671937
2018,505,408,408,356,0.807920792079208
2019,505,421,419,367,0.8297029702970297
2020,505,435,435,389,0.8613861386138614
2021,505,446,446,402,0.8831683168316832
2022,505,455,455,412,0.900990099009901
2023,503,471,471,432,0.9363817097415507
2024,503,479,479,448,0.952286282306163
2025,503,486,486,465,0.9662027833001988
