,,mean,std,count
era,2000–07,0.0011260720760843934,0.0148543829219097,96
era,2008–09,0.0061757869843537495,0.013896135672064148,24
era,2010–19,-0.0011412470924350318,0.006580659083205693,120
era,2020–25,-0.0004856515610810814,0.008088622562849564,72
VIX tercile,low,-0.0014417313039989056,0.006183186462555328,104
VIX tercile,mid,-0.001915770546719056,0.01008240582147287,104
VIX tercile,high,0.004169090729934789,0.013794053170405152,104
NBER recession,expansion,-0.00032714552369681864,0.010306917455452688,284
NBER recession,recession,0.006332663291730235,0.013871363656527445,28
