period,strategy,mean_monthly,t_nw,sharpe_ann,max_dd,frac_pos,n
dev,Top 5,0.0019088322218392341,1.787696663626911,0.3964845278522995,-0.10353194084681416,0.4967741935483871,155
dev,Top 20,0.00244510063267498,2.2076616290568953,0.6176309879950259,-0.09688139878936242,0.5290322580645161,155
dev,Sector top 20,0.0014877812360598887,1.912787614938791,0.46161956330623405,-0.08080838169479254,0.5032258064516129,155
dev,Random 20,0.0013764318507534907,0.5645095774829147,0.1735222077818773,-0.29767781888591816,0.45161290322580644,155
dev,SPY buy-and-hold,0.0023449143699209927,0.5511435884124031,0.17610680414546726,-0.5078480850080658,0.5612903225806452,155
holdout,Top 5,2.752122336134591e-05,0.05989041224214912,0.013223370936108562,-0.05798970205432585,0.5192307692307693,156
holdout,Top 20,-5.972825021996768e-06,-0.010416578095075664,-0.00294977836806969,-0.06236317240209954,0.4358974358974359,156
holdout,Sector top 20,-0.00013847218246789293,-0.2420515968014089,-0.061778698408145184,-0.07702857941224661,0.4551282051282051,156
holdout,Random 20,-0.00014883546222662877,-0.10457825017514481,-0.027808178182333602,-0.18303154569868452,0.4935897435897436,156
holdout,SPY buy-and-hold,0.012381520234457127,5.029508143915918,1.0495094701993393,-0.23927174343355295,0.7051282051282052,156
full,Top 5,0.001003090764572041,1.686306497190555,0.2722900443375104,-0.10353194084681416,0.5128205128205128,312
full,Top 20,0.0012344044286759892,1.9191711891390835,0.39301470313309816,-0.09688139878936242,0.483974358974359,312
full,Sector top 20,0.0006476116866549785,1.3124456701436638,0.2334126827948908,-0.09185449425306413,0.4775641025641026,312
full,Random 20,0.0006187662832257961,0.44048159499035744,0.09190578638471938,-0.29767781888591816,0.46794871794871795,312
full,SPY buy-and-hold,0.007384337877380048,2.8939991686361144,0.5851403428872393,-0.5078480850080658,0.6346153846153846,312
