period,strategy,wait,basis,mean_monthly,t_nw,sharpe_ann
dev,Top 5,0,committed,0.0019088322218392341,1.787696663626911,0.3964845278522995
dev,Top 20,0,committed,0.00244510063267498,2.2076616290568953,0.6176309879950259
dev,Top 5,0,employed,0.0024320188162272995,1.6003549456524824,0.3530795592068998
dev,Top 20,0,employed,0.004150036262185198,2.4649486645572805,0.7610187007257566
holdout,Top 5,0,committed,2.752122336134591e-05,0.05989041224214912,0.013223370936108562
holdout,Top 20,0,committed,-5.972825021996768e-06,-0.010416578095075664,-0.00294977836806969
holdout,Top 5,0,employed,0.00015259213444072435,0.22097038159168142,0.052312814356058404
holdout,Top 20,0,employed,-5.839303794042875e-05,-0.07213917773525023,-0.020619001966609346
full,Top 5,0,committed,0.001003090764572041,1.686306497190555,0.2722900443375104
full,Top 20,0,committed,0.0012344044286759892,1.9191711891390835,0.39301470313309816
full,Top 5,0,employed,0.001374494457906251,1.6275724616106986,0.2618805534916901
full,Top 20,0,employed,0.002069260348219204,2.122364422684821,0.4743344869013647
dev,Top 5,1,committed,0.0015771215439991776,1.3633151449528926,0.33074198560198964
dev,Top 20,1,committed,0.0020419942501623232,1.8279280290733753,0.5249972626835536
dev,Top 5,1,employed,0.0019399954060689494,1.206968599849475,0.28632980348280995
dev,Top 20,1,employed,0.0033502285333360258,1.9707461989466748,0.6200717362087156
holdout,Top 5,1,committed,-0.0001585369583893852,-0.3514429774497486,-0.07669969856167178
holdout,Top 20,1,committed,-5.748109794365033e-05,-0.10747008791299331,-0.029551003699749945
holdout,Top 5,1,employed,-0.00030922795417423737,-0.45104847107461066,-0.10545115108525821
holdout,Top 20,1,employed,-0.00019165753600217258,-0.2527100357921087,-0.07006401476288752
full,Top 5,1,committed,0.0007298571465799846,1.1574474753959723,0.19981302006732748
full,Top 20,1,committed,0.001006913935480375,1.5925832849717687,0.3286033998449176
full,Top 5,1,employed,0.0008923592892363418,1.0120443619140826,0.17227345553583512
full,Top 20,1,employed,0.0015980639330421844,1.6683977973847555,0.37300291329045326
