sector,pairs,mean_ret,median_hl,mean_trips
Utilities,2631,-0.0018778307942726193,10.912078604432477,1.3884454580007601
Cross-sector / unknown,2031,0.015529071052392172,6.642528746617631,1.6794682422451994
Financials,548,0.018946964529991832,8.673088739481976,1.5383211678832116
Communication Services,246,0.004826909874520876,8.75778813417711,1.2642276422764227
Industrials,222,0.02527944917075789,6.669843680574033,1.5990990990990992
Consumer Staples,204,-0.006454164343428219,8.22071096069637,1.5
Real Estate,107,-0.006519128573942171,9.640231651007982,1.280373831775701
Energy,55,-0.02780827242527293,11.335060278199315,1.1818181818181819
Health Care,40,0.023295654841201198,7.105582387611358,1.7
Consumer Discretionary,25,0.005490210166336995,8.159438600993036,1.56
Materials,25,0.004055424797496834,9.431180693931942,1.24
Information Technology,6,0.02454705764871919,6.397651995037088,1.3333333333333333
