,GGR top 20,GGR top 20,HL-filtered 20,HL-filtered 20,OU (max hold 3×HL),OU (max hold 3×HL)
,dev,holdout,dev,holdout,dev,holdout
cost_bps_per_leg_side,,,,,,
0.0,0.02934120759209976,-7.167390026396121e-05,0.04593089675783015,0.005265839989602483,0.05085451005634212,0.008955867622878751
2.5,0.02634685771721278,-0.002896921778528784,0.04288988975746641,0.002266799473728517,0.03980908260401048,-0.0024878480006415207
5.0,0.023353139226155284,-0.005721615758245339,0.039849552182006205,-0.0007315971835202696,0.028774038845183897,-0.013920520047803664
7.5,0.020360051972810912,-0.00854575596714065,0.03680988386169577,-0.0037293501474109777,0.01774936884391131,-0.025342159250835966
10.0,0.017367595811099458,-0.011369342532905606,0.03377088462683106,-0.006726459583155113,0.006735062673674207,-0.036752776331756054
12.5,0.014375770594977577,-0.014192375583193341,0.030732554307757235,-0.009722925655912299,-0.00426888958262561,-0.04815238200238005
15.0,0.011384576178438962,-0.017014855245621293,0.0276948927348682,-0.012718748530784729,-0.015262497832671487,-0.05954098696433356
17.5,0.008394012415513567,-0.019836781647769704,0.024657899738608234,-0.015713928372823656,-0.02624577197474299,-0.07091860190905996
20.0,0.0054040791602682796,-0.022658154917181955,0.021621575149469954,-0.018708465347024267,-0.037218721897723864,-0.08228523751783035
22.5,0.0024147762668063517,-0.025478975181365354,0.018585918797995628,-0.021702359618329354,-0.048181357481110285,-0.0936409044617525
25.0,-0.0005738964107325749,-0.028299242567790563,0.015550930514776596,-0.024695611351625662,-0.05913368859502102,-0.10498561340178089
27.5,-0.003561939018171426,-0.031118957203891396,0.012516610130454025,-0.02768822071174768,-0.07007572510020496,-0.1163193749887255
30.0,-0.0065493517012969234,-0.03393811921706458,0.009482957475717707,-0.030680187863475178,-0.08100747684805076,-0.127642199863261
32.5,-0.009536134605860171,-0.036756728734671146,0.006449972381305991,-0.033671512971534104,-0.09192895368059535,-0.13895409865593755
35.0,-0.012522287877574062,-0.03957478588403536,0.003417654678007963,-0.03666219620059642,-0.10284016543053187,-0.15025508198718862
37.5,-0.015507811662116105,-0.042392290792444595,0.0003860041966608711,-0.0396522377152803,-0.11374112192122028,-0.16154516046734063
40.0,-0.01849270610512651,-0.04520924358714974,-0.0026449792318490165,-0.04264163768014975,-0.12463183296669414,-0.1728243446966226
