family,K,estimator,mean_monthly,ann_mean,t_nw,p,sd_monthly,sharpe_ann,max_dd,skew,kurt,frac_pos,n,hold_mult
H5,40.0,hl_ols_63,0.0019943764837792267,0.02393251780535072,1.8322020639570435,0.06692132149386679,0.014093621059030378,0.49020211127541735,-0.11057326619620478,0.3365549475919172,7.78606002112628,0.5419354838709678,155,
H5,40.0,hl_ols_126,0.002161621689976367,0.025939460279716407,1.9107887018615968,0.056031740212441214,0.014825644768353055,0.5050759885700248,-0.1068498050837472,0.7013973729996906,6.8945445828347935,0.5419354838709678,155,
H5,40.0,hl_ols_252,0.002346439666750296,0.028157276001003553,1.9178900686394145,0.0551249517874113,0.01596144430479713,0.5092462363803804,-0.12165504416240158,0.7383064970234513,7.766108174807075,0.5225806451612903,155,
H5,40.0,hl_kendall,0.0023487435537593096,0.028184922645111715,1.9304302623832712,0.0535535482890333,0.015965394305056176,0.5096201310571632,-0.11880208940126447,0.8286071046838565,7.773191308233432,0.5225806451612903,155,
H5,40.0,hl_ou,0.002377965077010296,0.02853558092412355,1.939020328406379,0.05249886289369476,0.01604394013806585,0.5134345175265407,-0.1186452076223411,0.8757552220994689,7.872112226168127,0.5290322580645161,155,
H5,40.0,cross,0.002431748370556171,0.02918098044667405,1.9293117218519382,0.05369217541529324,0.015859921724691205,0.5311390310923018,-0.11703621066676717,0.6339151650867884,6.963472355130967,0.47096774193548385,155,
H5,40.0,hl_log,0.002844130929948006,0.03412957115937607,2.3161869017882717,0.02054806604112536,0.014570524417681627,0.6761842103733819,-0.10071654035806565,0.9485459448506501,6.230877502399847,0.5419354838709678,155,
H5,60.0,hl_ols_63,0.001837448177915519,0.022049378134986225,1.5217428818561773,0.1280735183361502,0.014364916861225483,0.4431008729350947,-0.10637026828019336,0.4411317520669414,7.257672252415993,0.535483870967742,155,
H5,60.0,hl_ols_126,0.0023866663236169505,0.028639995883403407,1.9996330058272698,0.0455399071827248,0.01554319904517746,0.5319146105255304,-0.12150736666840989,0.9147708526941837,8.486123151735853,0.5483870967741935,155,
H5,60.0,hl_ols_252,0.00282991259545721,0.03395895114548652,2.184852628952288,0.02889965377030821,0.016935174127221956,0.5788605844249501,-0.0875241562929141,1.4585844826132306,8.521062357190825,0.5548387096774193,155,
H5,60.0,hl_kendall,0.0028460518305699588,0.034152621966839505,2.1949478665952373,0.028167337642972478,0.016925413327988217,0.5824976059367536,-0.0872519833260289,1.4670589657802708,8.557529650025044,0.5548387096774193,155,
H5,60.0,hl_ou,0.0027740344635335066,0.03328841356240208,2.1551725135887208,0.031148336964415272,0.017136172579624846,0.5607750050906988,-0.09057203184388818,1.4469269677873675,8.389111147704927,0.5483870967741935,155,
H5,60.0,cross,0.002785791570827423,0.033429498849929074,2.1795789560163,0.02928868610975473,0.016458950785339314,0.5863232235031846,-0.11122746072142586,1.0301653967788036,7.864665608521008,0.5612903225806452,155,
H5,60.0,hl_log,0.002728157216706373,0.032737886600476475,2.185302846136878,0.028866648857662616,0.015650123225564836,0.6038683328259341,-0.10621995204742973,1.1200336671808773,7.564468154787269,0.5612903225806452,155,
H5,100.0,hl_ols_63,0.0028142403855692553,0.03377088462683106,2.3314451434684575,0.01972989946779489,0.013333771884764423,0.7311370517876977,-0.07305595198847115,0.9278889340658675,6.2147802539356505,0.5419354838709678,155,
H5,100.0,hl_ols_126,0.0029112907172198802,0.03493548860663856,2.1939822203105983,0.02823668777040768,0.01579550347113039,0.638473277796394,-0.08723042013386295,1.3537779034879982,7.393351031313325,0.5548387096774193,155,
H5,100.0,hl_ols_252,0.0030558466173595104,0.036670159408314126,2.2610225980356673,0.023757857743500223,0.01787771798476612,0.5921204938923758,-0.0822258911470215,1.1626793006258969,7.573207518862261,0.5806451612903226,155,
H5,100.0,hl_kendall,0.0030695761512336806,0.036834913814804165,2.255740225255822,0.024086904803536962,0.017921388689083117,0.5933314592833007,-0.08065844397572886,1.1948826452161387,7.478589217348855,0.5806451612903226,155,
H5,100.0,hl_ou,0.003108751490399901,0.03730501788479881,2.2985299799549757,0.021531643589881144,0.01792596671747389,0.6007503655832828,-0.07931731510960771,1.2083252319536777,7.501606108267787,0.5806451612903226,155,
H5,100.0,cross,0.0026320762082075767,0.03158491449849092,1.880021888477825,0.060105094865906074,0.017320830260359774,0.526405449794422,-0.0976775636421302,1.28209941333716,8.576037279437335,0.5483870967741935,155,
H5,100.0,hl_log,0.0032341139432712426,0.03880936731925491,2.467779915762004,0.0135953879531761,0.016714028713764203,0.670293172656775,-0.09161275663796598,1.1135171364892569,7.75944086918126,0.5935483870967742,155,
OU,,,-0.004141186467066507,-0.04969423760479808,-3.3454857348249027,0.0008213858427718572,0.014031064310210069,-1.0224093063783357,-0.5348465181929463,1.0474468044163103,6.687672037128155,0.24516129032258063,155,1.0
OU,,,-0.0010268340795981867,-0.012322008955178241,-0.8200451611426248,0.41219036251304975,0.01489596246010204,-0.23879340479958497,-0.284869135261716,1.0829976346172319,6.585029787808912,0.34838709677419355,155,2.0
OU,,,0.0005612552228061839,0.006735062673674207,0.4291210204012534,0.667835155625822,0.01580617806566094,0.1230053916734806,-0.18563554588162423,1.236264730979857,6.887558082650434,0.45161290322580644,155,3.0
baseline,,GGR top 20,0.0014472996509249548,0.017367595811099458,1.3154483175215368,0.18835927600154057,0.013662505009479218,0.36696001610824297,-0.10819726173041755,0.2229810083298875,6.179871906896239,0.47096774193548385,155,
