wait,period,basis,strategy,mean_monthly,ann_mean,t_nw,p,sd_monthly,sharpe_ann,max_dd,skew,kurt,frac_pos,n
0,dev,committed,Top 5,0.0019088322218392341,0.02290598666207081,1.787696663626911,0.07382496031397176,0.016677545574145483,0.3964845278522995,-0.10353194084681416,0.28191544017675246,3.385042042342112,0.4967741935483871,155
0,dev,committed,Top 20,0.00244510063267498,0.02934120759209976,2.2076616290568953,0.02726786953657089,0.013713814908023944,0.6176309879950259,-0.09688139878936242,0.24388890201343436,6.1995043747091385,0.5290322580645161,155
0,dev,committed,Sector top 20,0.0014877812360598887,0.017853374832718663,1.912787614938791,0.0557752473189668,0.011164659803180193,0.46161956330623405,-0.08080838169479254,0.9483354891960093,7.887485677368228,0.5032258064516129,155
0,dev,committed,Random 20,0.0013764318507534907,0.016517182209041886,0.5645095774829147,0.5724073839575736,0.027478326021046613,0.1735222077818773,-0.29767781888591816,1.9869460115173598,11.351196753511818,0.45161290322580644,155
0,dev,employed,Top 5,0.0024320188162272995,0.029184225794727594,1.6003549456524824,0.1095198640196877,0.023860798762359397,0.3530795592068998,-0.13410520016111394,0.09343272724197417,4.243928472983495,0.49032258064516127,155
0,dev,employed,Top 20,0.004150036262185198,0.04980043514622238,2.4649486645572805,0.013703288285686212,0.01889066235166885,0.7610187007257566,-0.12117931802413817,0.550478462968275,5.663768396946639,0.5161290322580645,155
0,dev,employed,Sector top 20,0.00265339426790274,0.03184073121483288,2.261061706099225,0.023755436257223136,0.01596750184010006,0.5756459251475208,-0.08963086103841156,0.8289448195529263,7.09675534715092,0.5032258064516129,155
0,dev,employed,Random 20,0.002772850204812007,0.03327420245774408,0.6899863657746289,0.49020276145310093,0.04282051181278275,0.22431854422993885,-0.3945787976455315,2.664729102068086,16.048552424806466,0.43870967741935485,155
-,dev,-,SPY buy-and-hold,0.0023449143699209927,0.02813897243905191,0.5511435884124031,0.5815352471334992,0.0461255412340189,0.17610680414546726,-0.5078480850080658,-0.43088120432127724,3.614907872810988,0.5612903225806452,155
0,holdout,committed,Top 5,2.752122336134591e-05,0.0003302546803361509,0.05989041224214912,0.9522429161110839,0.007209683125221419,0.013223370936108562,-0.05798970205432585,-0.7420623040914514,5.528343386470738,0.5192307692307693,156
0,holdout,committed,Top 20,-5.972825021996768e-06,-7.167390026396121e-05,-0.010416578095075664,0.9916889234608444,0.007014246571742902,-0.00294977836806969,-0.06236317240209954,0.6048921127748362,5.433554573741297,0.4358974358974359,156
0,holdout,committed,Sector top 20,-0.00013847218246789293,-0.001661666189614715,-0.2420515968014089,0.8087401831993348,0.00776451630252272,-0.061778698408145184,-0.07702857941224661,0.114020232744494,5.910759234690799,0.4551282051282051,156
0,holdout,committed,Random 20,-0.00014883546222662877,-0.0017860255467195452,-0.10457825017514481,0.9167104738994057,0.018540630806824488,-0.027808178182333602,-0.18303154569868452,0.38102707991513424,4.751499142529845,0.4935897435897436,156
0,holdout,employed,Top 5,0.00015259213444072435,0.0018311056132886922,0.22097038159168142,0.8251154950070412,0.01010449668747775,0.052312814356058404,-0.07695414484206198,-0.47235429010429264,4.116799613931283,0.5128205128205128,156
0,holdout,employed,Top 20,-5.839303794042875e-05,-0.000700716455285145,-0.07213917773525023,0.9424911481049788,0.009810339868525792,-0.020619001966609346,-0.09162571696428945,0.4928483087901492,4.744734282648961,0.47435897435897434,156
0,holdout,employed,Sector top 20,-0.00019891731772517045,-0.0023870078127020454,-0.25025724675813493,0.8023884167941933,0.010801528741470258,-0.06379372939731118,-0.11232839775446202,0.005809674535803904,5.401044654464302,0.4551282051282051,156
0,holdout,employed,Random 20,-0.00029155433167655175,-0.003498651980118621,-0.1563997067976586,0.8757179682724548,0.024632811027225143,-0.041001160206396624,-0.22948778679691906,0.3783817488240646,4.3415014616298695,0.47435897435897434,156
-,holdout,-,SPY buy-and-hold,0.012381520234457127,0.14857824281348553,5.029508143915918,4.917396164056346e-07,0.040867515215367446,1.0495094701993393,-0.23927174343355295,-0.4649109935246735,3.7749400041729597,0.7051282051282052,156
0,full,committed,Top 5,0.001003090764572041,0.012037089174864492,1.686306497190555,0.09173678027504353,0.012761422644511598,0.2722900443375104,-0.10353194084681416,0.40302707711106633,5.267909891763842,0.5128205128205128,312
0,full,committed,Top 20,0.0012344044286759892,0.014812853144111869,1.9191711891390835,0.05496267242521906,0.010880260562825683,0.39301470313309816,-0.09688139878936242,0.5181265163440137,8.316807959475755,0.483974358974359,312
0,full,committed,Sector top 20,0.0006476116866549785,0.007771340239859742,1.3124456701436638,0.1893698059834351,0.009611271602130362,0.2334126827948908,-0.09185449425306413,0.8564877128188643,8.628636638158838,0.4775641025641026,312
0,full,committed,Random 20,0.0006187662832257961,0.007425195398709553,0.44048159499035744,0.6595883395978207,0.02332246276793348,0.09190578638471938,-0.29767781888591816,1.7400415939510885,11.938390109472186,0.46794871794871795,312
0,full,employed,Top 5,0.001374494457906251,0.01649393349487501,1.6275724616106986,0.10361557229148022,0.018181527448856653,0.2618805534916901,-0.13410520016111394,0.19419691434113742,6.448269151115323,0.5064102564102564,312
0,full,employed,Top 20,0.002069260348219204,0.02483112417863045,2.122364422684821,0.03380714739305085,0.015111969111150104,0.4743344869013647,-0.12117931802413817,0.8307383636178134,7.6040604819613815,0.5,312
0,full,employed,Sector top 20,0.0011738982220191674,0.014086778664230009,1.5983163603586374,0.1099725881764245,0.013660095217085388,0.2976921216345367,-0.12512530016718915,0.7789849864873679,7.940712442550018,0.4807692307692308,312
0,full,employed,Random 20,0.0011975542579276532,0.014370651095131838,0.5425590210041219,0.5874334601359601,0.034764336856009236,0.11933061333184017,-0.3945787976455315,2.5987183862115097,19.221448552560723,0.4519230769230769,312
-,full,-,SPY buy-and-hold,0.007384337877380048,0.08861205452856058,2.8939991686361144,0.003803691691083377,0.043716173527766126,0.5851403428872393,-0.5078480850080658,-0.48056446931029084,3.751058674282854,0.6346153846153846,312
1,dev,committed,Top 5,0.0015771215439991776,0.01892545852799013,1.3633151449528926,0.17278321095970628,0.016518342169024078,0.33074198560198964,-0.11630328143411628,0.36134995156253147,4.348563823414834,0.5096774193548387,155
1,dev,committed,Top 20,0.0020419942501623232,0.02450393100194788,1.8279280290733753,0.06756035379066218,0.013473738022807609,0.5249972626835536,-0.09823618864437944,0.21134593389008965,5.928402024665032,0.5290322580645161,155
1,dev,committed,Sector top 20,0.0011898103097934955,0.014277723717521945,1.5222649028184525,0.12794271846121757,0.011086449004227842,0.37177132319748274,-0.10091506982326892,1.1322754801426484,9.4488177158221,0.5225806451612903,155
1,dev,committed,Random 20,0.0008569801513533705,0.010283761816240446,0.3641051201600999,0.7157795135438398,0.02649028632102106,0.1120662227077726,-0.3099806424962015,1.8012770555780893,10.444806617387572,0.44516129032258067,155
1,dev,employed,Top 5,0.0019399954060689494,0.023279944872827394,1.206968599849475,0.2274442368394043,0.02347063120143109,0.28632980348280995,-0.1383694296211948,0.3778170459407901,4.054291724866169,0.4967741935483871,155
1,dev,employed,Top 20,0.0033502285333360258,0.04020274240003231,1.9707461989466748,0.04875291334146923,0.018716434560248213,0.6200717362087156,-0.12471198604592193,0.5298720984191015,5.516014042925553,0.5161290322580645,155
1,dev,employed,Sector top 20,0.001973145594170677,0.023677747130048124,1.699638211073964,0.0891989982766281,0.01615453426390118,0.42311197141365003,-0.1227845123085779,0.9068794935561086,8.688473351938173,0.5096774193548387,155
1,dev,employed,Random 20,0.0018607509506645044,0.022329011407974053,0.4878844954864709,0.6256316572033219,0.04102603373968121,0.1571156113814503,-0.41134346259817245,2.4775222233057836,15.012728546091706,0.44516129032258067,155
1,holdout,committed,Top 5,-0.0001585369583893852,-0.0019024435006726223,-0.3514429774497486,0.7252560447225193,0.007160238487431755,-0.07669969856167178,-0.06505027900148441,-0.6742912239405139,5.188487526913858,0.5192307692307693,156
1,holdout,committed,Top 20,-5.748109794365033e-05,-0.000689773175323804,-0.10747008791299331,0.9144160542485444,0.006738192930759082,-0.029551003699749945,-0.06097528548978093,0.4166104563809544,4.358986920421025,0.44871794871794873,156
1,holdout,committed,Sector top 20,-0.00026312448659327446,-0.0031574938391192935,-0.5045047048988844,0.6139067567958849,0.007325597728512413,-0.12442533602990345,-0.09015373116980074,0.09513825934552182,4.703113968416643,0.4358974358974359,156
1,holdout,committed,Random 20,-0.0001750112489668959,-0.002100134987602751,-0.12511608882798697,0.9004316463404956,0.018204382850019376,-0.03330279060862832,-0.17156562680813436,0.40347261159426184,4.654652472630707,0.48717948717948717,156
1,holdout,employed,Top 5,-0.00030922795417423737,-0.0037107354500908484,-0.45104847107461066,0.6519546148486575,0.01015823008546058,-0.10545115108525821,-0.13419813810422698,-0.481055407776505,3.815237526721262,0.5128205128205128,156
1,holdout,employed,Top 20,-0.00019165753600217258,-0.002299890432026071,-0.2527100357921087,0.8004922921165408,0.009475922586870132,-0.07006401476288752,-0.08567432105703576,0.3911903101090944,3.890397701356796,0.44871794871794873,156
1,holdout,employed,Sector top 20,-0.0005157526670807067,-0.006189032004968481,-0.6984072499921931,0.4849225436405199,0.01038580369548537,-0.17202517007157672,-0.135356777731244,0.09717319189453587,4.473002567138765,0.4358974358974359,156
1,holdout,employed,Random 20,-0.00041375281130530037,-0.0049650337356636045,-0.22480613681923528,0.8221300917792298,0.024375106759930085,-0.05880104633086697,-0.23405085966419348,0.406542379028645,4.249683595183305,0.47435897435897434,156
1,full,committed,Top 5,0.0007298571465799846,0.008758285758959814,1.1574474753959723,0.247089587006475,0.01265332619183495,0.19981302006732748,-0.11911659311482681,0.4818219039701404,6.634282961304174,0.5160256410256411,312
1,full,committed,Top 20,0.001006913935480375,0.012082967225764499,1.5925832849717687,0.11125370574701414,0.010614778154603528,0.3286033998449176,-0.09823618864437944,0.44551900410747514,8.039458261661101,0.49038461538461536,312
1,full,committed,Sector top 20,0.00043741327572771735,0.005248959308732608,0.9172257191899789,0.35902437222652106,0.009385295813019681,0.16144872416584574,-0.12918140492663366,1.0390729607822475,10.271456233632795,0.4807692307692308,312
1,full,committed,Random 20,0.0003780976873834478,0.004537172248601373,0.2780286346232134,0.7809903777350786,0.022625868634369595,0.057888111643822605,-0.3099806424962015,1.557174363744844,10.767641004160579,0.46474358974358976,312
1,full,employed,Top 5,0.0008923592892363418,0.010708311470836101,1.0120443619140826,0.3115168429421945,0.017943700296205966,0.17227345553583512,-0.2006878014635285,0.5050891719096271,6.161975177290499,0.5096153846153846,312
1,full,employed,Top 20,0.0015980639330421844,0.01917676719650621,1.6683977973847555,0.09523678523575423,0.014841320682217066,0.37300291329045326,-0.12471198604592193,0.7829739202802662,7.500187195457179,0.483974358974359,312
1,full,employed,Sector top 20,0.0006824238873417054,0.008189086648100464,0.9664347648886752,0.3338266751234188,0.013585483659840917,0.17400820975825812,-0.1608819168909712,0.8942646035468103,9.663121965794927,0.47115384615384615,312
1,full,employed,Random 20,0.0007240922388546423,0.008689106866255708,0.34392378472538604,0.7309036041457286,0.03359329200030988,0.07466755845488263,-0.41134346259817245,2.357783868665087,17.365538283138285,0.46153846153846156,312
