form_months,k,N,period,mean_monthly,ann_mean,t_nw,p,sd_monthly,sharpe_ann,max_dd,skew,kurt,frac_pos,n
6,1.5,5,dev,0.0012989655701809363,0.015587586842171236,1.0985198402023115,0.2719775590257152,0.014556643800784325,0.3091199311636426,-0.11946293146867704,0.17822775049246994,5.362749426627282,0.5403726708074534,161
6,1.5,5,holdout,-0.00044673582455922317,-0.005360829894710678,-0.883143937078912,0.377158507647816,0.00662375606890008,-0.23363455346151973,-0.1038891175725436,-0.6110174340521971,5.039233231215979,0.47435897435897434,156
6,1.5,20,dev,0.0012570678839921114,0.015084814607905337,1.4198216225430118,0.1556596183489836,0.011692982544028748,0.37241233114631134,-0.09167942028177001,0.1069857405591672,5.8409082400926575,0.5279503105590062,161
6,1.5,20,holdout,-0.00041572498711893305,-0.004988699845427196,-0.647392730776454,0.5173777993816178,0.007361936342107287,-0.19561614396133162,-0.11864577632683249,0.4214144042946166,5.581381522909043,0.5,156
6,1.5,50,dev,0.0015161188613355386,0.018193426336026462,1.6371960828736636,0.1015895052627582,0.011505067924840089,0.4564935931368046,-0.08494874681677878,0.024485048700915384,6.049411021470214,0.5341614906832298,161
6,1.5,50,holdout,-0.0007454174811136701,-0.008945009773364042,-1.499948601408814,0.13362771709486787,0.006602694149448163,-0.3910830703090488,-0.14156012929821593,0.2652224684707561,3.735652624445682,0.4423076923076923,156
6,2.0,5,dev,0.0012261216870446093,0.014713460244535312,1.0659536431775776,0.28644459788186794,0.01456307904514794,0.29165605043267223,-0.12159406274600182,0.3648503771701198,5.481678203723317,0.5279503105590062,161
6,2.0,5,holdout,-0.0004892070872983334,-0.005870485047580001,-0.9855236638680653,0.3243669135985574,0.006525305640731016,-0.25970631178850706,-0.098732029662844,-0.5390974413525955,5.834870614815366,0.4551282051282051,156
6,2.0,20,dev,0.00138056349235812,0.01656676190829744,1.5868728496379376,0.1125414452008131,0.011492964519289385,0.41611650463649746,-0.0929951212443546,0.2148754676846387,5.845196976772265,0.5279503105590062,161
6,2.0,20,holdout,-0.00037305388337330726,-0.004476646600479688,-0.5959016314332524,0.5512409432996566,0.007255476324437742,-0.17811326260885163,-0.10875362399116739,0.357619585615643,5.833841768286831,0.48717948717948717,156
6,2.0,50,dev,0.0016606325589195257,0.019927590707034308,1.8742903056129645,0.06089042297882953,0.011294793335010694,0.5093143149128744,-0.0857205450663946,0.051601243328645664,5.968813662913956,0.546583850931677,161
6,2.0,50,holdout,-0.000622792275709966,-0.007473507308519592,-1.284796801573094,0.1988633003475545,0.006488594852907653,-0.332493517793831,-0.12267469138200238,0.27450408891837436,3.7204323130804906,0.4551282051282051,156
6,2.5,5,dev,0.0010201743925198747,0.012242092710238496,0.895636535419024,0.3704469159990017,0.014526709225102262,0.2432751771986678,-0.15279470722887256,0.40425221666989986,5.466221187940511,0.484472049689441,161
6,2.5,5,holdout,-0.00042679218857907136,-0.005121506262948857,-0.8292481315650202,0.40696401440067165,0.0064969561924770065,-0.2275606400881809,-0.08522363654395282,-0.22315530020965502,6.661155500364768,0.4358974358974359,156
6,2.5,20,dev,0.0012692425075362269,0.015230910090434722,1.5423663562021832,0.1229845923582509,0.011107593786656338,0.39583595734655314,-0.097242857300887,0.25065728453148245,6.079073955995357,0.546583850931677,161
6,2.5,20,holdout,-0.0002770771415770629,-0.0033249256989247543,-0.4555970045888351,0.6486797975312493,0.007094902436703619,-0.1352835197126124,-0.10106344882664153,0.5040889788242743,6.31600435543225,0.4423076923076923,156
6,2.5,50,dev,0.0016583947315831529,0.019900736778997834,1.9203040454316083,0.054819505687892366,0.010923518227605119,0.5259155290916421,-0.08278991280598891,0.08420820517668165,5.991510213586614,0.5217391304347826,161
6,2.5,50,holdout,-0.00044406486746008855,-0.005328778409521062,-0.9339012201044412,0.3503548494203056,0.006292447404853491,-0.24446542428116522,-0.10016283744002841,0.2949092980770369,3.787488018324227,0.46153846153846156,156
12,1.5,5,dev,0.00038806404682853083,0.00465676856194237,0.3708613135787036,0.7107408308752865,0.017045111608697868,0.07886679314611432,-0.1286259476685001,0.09300847567306453,3.376264383455914,0.4774193548387097,155
12,1.5,5,holdout,-0.0010663312798557122,-0.012795975358268546,-2.311183618964913,0.020822714785053407,0.007335084433737914,-0.5035906460503691,-0.1648433099445017,-0.8578027412166656,5.591753015235314,0.4423076923076923,156
12,1.5,20,dev,0.0012528091786733206,0.015033710144079847,1.1441113889516803,0.2525774450707218,0.014191250233607839,0.30581225951635777,-0.12220274435497669,0.046432870102907656,6.732435769045754,0.5032258064516129,155
12,1.5,20,holdout,-0.000993436719819066,-0.011921240637828793,-1.7377412746777174,0.08225641244062155,0.007209103438564323,-0.4773639017652547,-0.15224596472277707,0.5629134994102917,5.621367816430298,0.38461538461538464,156
12,1.5,50,dev,0.0019303078847642632,0.02316369461717116,1.8125870104859425,0.06989554273714636,0.013093894599603952,0.5106794323460707,-0.09700517811008624,0.5573433646338489,6.656845230955191,0.5225806451612903,155
12,1.5,50,holdout,-0.0007002800570436723,-0.008403360684524068,-1.0974315776385428,0.27245277579394445,0.007193588826051048,-0.33722267637382053,-0.11694467557883237,0.42523515565969605,4.666364284862384,0.46153846153846156,156
12,2.0,5,dev,0.0009127760972439373,0.010953313166927247,0.8619534996517181,0.3887131069327462,0.01661249794593755,0.19033556320138403,-0.10817476839008389,0.254312699222123,3.3467770927892144,0.49032258064516127,155
12,2.0,5,holdout,-0.0009019177597823586,-0.010823013117388303,-1.9995172162937878,0.045552420988705294,0.0071309628655893695,-0.43813645187525024,-0.14291000528386488,-0.8271597591412001,5.6659216406564985,0.46794871794871795,156
12,2.0,20,dev,0.0014472996509249548,0.017367595811099458,1.3154483175215368,0.18835927600154057,0.013662505009479218,0.36696001610824297,-0.10819726173041755,0.2229810083298875,6.179871906896239,0.47096774193548385,155
12,2.0,20,holdout,-0.0009474452110754672,-0.011369342532905606,-1.6819431977278427,0.09257985505477102,0.006943913409505222,-0.4726508371271459,-0.1423682471997475,0.5517539285852894,5.380282938164691,0.391025641025641,156
12,2.0,50,dev,0.0018996332509427325,0.02279559901131279,1.8737600665303489,0.06096350274134646,0.012381607048557845,0.531475646654977,-0.09128719711076927,0.6181017573028275,5.922991906326479,0.5483870967741935,155
12,2.0,50,holdout,-0.0006767607598920501,-0.008121129118704601,-1.145747289556323,0.2518997307479618,0.006878042392201162,-0.3408481523844814,-0.10849862491793283,0.3475813055216053,4.466355273907721,0.4358974358974359,156
12,2.5,5,dev,0.0008975364049670934,0.010770436859605121,0.8588420568334983,0.39042766081786906,0.01647479339417235,0.18872208201355947,-0.13547210362343165,0.4540868858833132,4.407443472474886,0.4967741935483871,155
12,2.5,5,holdout,-0.0007352812977749046,-0.008823375573298856,-1.5895609667983628,0.11193380136186573,0.006997886677369805,-0.3639797625531097,-0.12139236939629461,-0.7299924075573646,5.640972191287207,0.46153846153846156,156
12,2.5,20,dev,0.001356628820020976,0.01627954584025171,1.397375797627695,0.16230059319806323,0.012910801036850958,0.3639975608921112,-0.10388782455137735,0.26827520563367974,5.553452894667204,0.4838709677419355,155
12,2.5,20,holdout,-0.0007254528204159775,-0.00870543384499173,-1.3086626136297097,0.19064866115473433,0.006644908291510544,-0.3781906651924542,-0.11238791123872349,0.4684882664397359,5.107023778490203,0.4166666666666667,156
12,2.5,50,dev,0.0016063423392769557,0.019276108071323468,1.8121894752390926,0.06995692474082227,0.011602437869661192,0.4796003352454024,-0.08818807880625013,0.53336427236156,5.242103890682669,0.535483870967742,155
12,2.5,50,holdout,-0.0005903371516569472,-0.007084045819883367,-1.1070843824650973,0.2682574471302951,0.006416478058504207,-0.3187087779128749,-0.09734940477755727,0.31189400276750373,4.655382567342386,0.42948717948717946,156
